{
  "keycloak_url": "https://oidc-devsa-rnd.frontiir.net",
  "fibermaps_url": "https://fibermaps-qa.frontiir.net/",

  "username": "username",
  "password": "password",
  "invalid_username": "invalid_username",
  "invalid_password": "invalid_username",

  "nd_create_pre_define_olt": "OVF-TEST01AUTO",
  "nd_create_pre_define_ca1": "CA1-TEST01AUTO-A",
  "nd_create_pre_define_ca2": "CA2-TEST01AUTO-A01",
  "nd_create_pre_define_otb": "CA2-TEST01AUTO-A01-T1",
  "nd_create_pre_define_ftsbs": "P1-TEST01FTSB",
  "nd_create_pre_define_cpe": "P2-TEST01CPE",

  "description": "Test Automation",
  "lat": "16.886021",
  "long": "96.051467",
  "box_key": "1234",
  "olt_max_port": "8",
  "ca1_max_port": "8",
  "ca2_max_port": "16",
  "otb_max_port": "4",
  "cpe_ftsbs_max_port": "1",

  "invalid_olt_name": "OVF-1234",
  "invalid_ca1_name": "CA1-!TEST01AUTO-A",
  "invalid_ca2_name": "CA2-TEST01AUTO",
  "invalid_otb_name": "P01-TEST01AUTO-A1",
  "invalid_ftsbs_name": "TEST01AUTO",
  "invalid_cpe_name": "TEST01AUTO-P1",

  "invalid_lat": "11.22",
  "invalid_long": "334567677",
  "invalid_otb_max_port": "16",

  "nd_create_pos_case_olt": "OVF-TEST04AUTO",
  "nd_create_pos_case_ca1": "CA1-TEST04AUTO-B",
  "nd_create_pos_case_ca2": "CA2-TEST04AUTO-B02",
  "nd_create_pos_case_otb": "CA2-TEST01AUTO-A01-T2",
  "nd_create_pos_case_ftsbs": "P5-TEST04FTSB",
  "nd_create_pos_case_cpe": "P6-TEST04CPE",

  "neg_case_olt_name": "OVF-TEST02AUTO",
  "neg_case_ca1_name": "CA1-TEST02AUTO-C",
  "neg_case_ca2_name": "CA2-TEST02AUTO-C01",
  "neg_case_otb_name": "CA2-TEST02AUTO-C01-T3",
  "neg_case_ftsbs_name": "P3-TEST02FTSB",
  "neg_case_cpe_name": "P4-TEST02CPE",

  "ca1_port_duplicate_name": "CA1-TEST03AUTO-A",
  "ca2_port_duplicate_name": "CA2-TEST03AUTO-A01",
  "otb_port_duplicate_name": "CA2-TEST03AUTO-A01-T1",
  "ftsbs_port_duplicate_name": "P1-TEST03FTSB",
  "cpe_port_duplicate_name": "P2-TEST03CPE",
  "cid_only_duplidate_name": "P3-TEST01CPE"
}
