{
  "name": "OVF-TEST05AUTO",
  "data": {
    "graph_type": "tree",
    "scope": "OLT",
    "tree": {
      "name": "OVF-TEST05AUTO",
      "id": "OVF-TEST01AUTO",
      "children": [
        {
          "id": "CA1-TEST05AUTO-A",
          "children": [
            {
              "id": "CA2-TEST05AUTO-A01",
              "children": [
                { "id": "CA2-TEST05AUTO-A01-T1" },
                { "id": "P1-TEST05FTSB" },
                { "id": "P2-TEST05CPE" }
              ]
            }
          ]
        }
      ]
    }
  },
  "created_by": "automation",
  "updated_by": "automation"
}
