[
  {
    "dst": "CA1-TEST05AUTO-A",
    "edge_attr": { "link_type": "DISTRIBUTION", "weight": 1 },
    "src": "OVF-TEST05AUTO",
    "edge_type": "link",
    "created_by": "automation",
    "updated_by": "automation"
  },
  {
    "dst": "CA2-TEST05AUTO-A01",
    "edge_attr": { "link_type": "DISTRIBUTION", "weight": 1 },
    "src": "CA1-TEST05AUTO-A",
    "edge_type": "link",
    "created_by": "automation",
    "updated_by": "automation"
  },
  {
    "dst": "CA2-TEST05AUTO-A01-T1",
    "edge_attr": { "link_type": "DISTRIBUTION", "weight": 6 },
    "src": "CA2-TEST05AUTO-A01",
    "edge_type": "link",
    "created_by": "automation",
    "updated_by": "automation"
  },
  {
    "dst": "P1-TEST05FTSB",
    "edge_attr": { "link_type": "DISTRIBUTION", "weight": 1 },
    "src": "CA2-TEST05AUTO-A01",
    "edge_type": "link",
    "created_by": "automation",
    "updated_by": "automation"
  },
  {
    "dst": "P2-TEST05CPE",
    "edge_attr": { "link_type": "DISTRIBUTION", "weight": 1 },
    "src": "CA2-TEST05AUTO-A01",
    "edge_type": "link",
    "created_by": "automation",
    "updated_by": "automation"
  }
]
