[
  {
    "node_type": "device",
    "graph": "",
    "township": "MEY",
    "lat": "16.886021",
    "long": "96.051467",
    "name": "OVF-TEST05AUTO",
    "desc": "Test Automation",
    "node_attr": {
      "device_type": "OLT",
      "max_ports": 8,
      "used_ports": 1,
      "link_cost": 1,
      "tags": ["DIA"],
      "connection_type": "",
      "box_key": "",
      "box_type": ""
    },
    "created_by": "automation",
    "updated_by": "automation",
    "oss_synced_status": "PENDING"
  },
  {
    "node_type": "device",
    "graph": "",
    "township": "MEY",
    "lat": "16.886021",
    "long": "96.051467",
    "name": "CA1-TEST05AUTO-A",
    "desc": "Test Automation",
    "node_attr": {
      "device_type": "CA1",
      "max_ports": 8,
      "used_ports": 1,
      "link_cost": 1,
      "tags": ["Gen2"],
      "connection_type": "",
      "box_key": "1234",
      "box_type": ""
    },
    "updated_by": "automation",
    "created_by": "automation",
    "oss_synced_status": "PENDING"
  },
  {
    "node_type": "device",
    "graph": "",
    "township": "MEY",
    "lat": "16.886021",
    "long": "96.051467",
    "name": "CA2-TEST05AUTO-A01",
    "desc": "Test Automation",
    "node_attr": {
      "device_type": "CA2",
      "max_ports": 20,
      "used_ports": 8,
      "link_cost": 1,
      "tags": ["MNBI"],
      "connection_type": "",
      "box_key": "1234",
      "box_type": "Gen2"
    },
    "updated_by": "automation",
    "created_by": "automation",
    "oss_synced_status": "PENDING"
  },
  {
    "node_type": "device",
    "graph": "",
    "township": "MEY",
    "lat": "16.886021",
    "long": "96.051467",
    "name": "CA2-TEST05AUTO-A01-T1",
    "desc": "Test Automation",
    "node_attr": {
      "device_type": "OTB",
      "max_ports": 6,
      "used_ports": 0,
      "link_cost": 6,
      "tags": ["FR-SLA"],
      "connection_type": "",
      "box_key": "1234",
      "box_type": "Gen2"
    },
    "created_by": "automation",
    "updated_by": "automation",
    "oss_synced_status": "PENDING"
  },
  {
    "node_type": "device",
    "name": "P1-TEST05FTSB",
    "lat": null,
    "long": null,
    "graph": "",
    "desc": "Test Automation",
    "township": "MEY",
    "node_attr": {
      "device_type": "FT-SBS",
      "max_ports": 1,
      "used_ports": 0,
      "link_cost": 1,
      "tags": ["OPI"],
      "connection_type": "",
      "box_key": "",
      "box_type": ""
    },
    "created_by": "automation",
    "updated_by": "automation",
    "oss_synced_status": "PENDING"
  },
  {
    "node_type": "device",
    "name": "P2-TEST05CPE",
    "lat": null,
    "long": null,
    "graph": "",
    "desc": "Test Automation",
    "township": "MEY",
    "node_attr": {
      "device_type": "CPE",
      "max_ports": 1,
      "used_ports": 0,
      "link_cost": 1,
      "tags": ["BF"],
      "connection_type": "Pencil Kit",
      "box_key": "",
      "box_type": ""
    },
    "created_by": "automation",
    "updated_by": "automation",
    "oss_synced_status": "PENDING"
  }
]
